name,CMC,Type,Color,Set,Collector Number,Rarity,Color Category,status,Finish,maybeboard,image URL,image Back URL,tags,Notes,MTGO ID,Custom
"Descendant of Storms",1,"Creature - Human Soldier",W,"tdm","8",uncommon,null,Not Owned,Non-foil,false,,,"","",138959,false
"Giver of Runes",1,"Creature - Kor Cleric",W,"prm","91209",rare,null,Not Owned,Non-foil,false,,,"","",91209,false
"Guide of Souls",1,"Creature - Human Cleric",W,"mh3","29",rare,null,Not Owned,Non-foil,false,,,"","",126075,false
"Mother of Runes",1,"Creature - Human Cleric",W,"ulg","14",uncommon,null,Not Owned,Non-foil,false,,,"","",12553,false
"Ocelot Pride",1,"Creature - Cat",W,"mh3","394",mythic,null,Not Owned,Non-foil,false,,,"","",125577,false
"Thraben Inspector",1,"Creature - Human Soldier",W,"tsr","305",special,null,Not Owned,Non-foil,false,,,"","",86987,false
"Ademi of the Silkchutes",2,"Legendary Creature - Spider Human Hero",W,"om1","1",rare,null,Not Owned,Non-foil,false,,,"","",143918,false
"Ajani, Nacatl Pariah",2,"Legendary Creature - Cat Warrior",W,"mh3","237",mythic,null,Not Owned,Non-foil,false,,,"","",126493,false
"Cathar Commando",2,"Creature - Human Soldier",W,"inr","336",common,null,Not Owned,Non-foil,false,,,"","",134958,false
"Containment Priest",2,"Creature - Human Cleric",W,"tsr","292",special,null,Not Owned,Non-foil,false,,,"","",86961,false
"Jacked Rabbit",2,"Creature - Rabbit Warrior",W,"blc","9",rare,null,Not Owned,Non-foil,false,,,"","",128917,false
"Lion Sash",2,"Artifact Creature - Equipment Cat",W,"neo","26",rare,null,Not Owned,Non-foil,false,,,"","",96962,false
"Luminarch Aspirant",2,"Creature - Human Cleric",W,"znr","24",rare,null,Not Owned,Non-foil,false,,,"","",82987,false
"Phelia, Exuberant Shepherd",2,"Legendary Creature - Dog",W,"mh3","40",rare,null,Not Owned,Non-foil,false,,,"","",126097,false
"Samwise the Stouthearted",2,"Legendary Creature - Halfling Peasant",W,"ltr","28",uncommon,null,Not Owned,Non-foil,false,,,"","",111966,false
"Securitron Squadron",2,"Artifact Creature - Robot",W,"pip","23",rare,null,Not Owned,Non-foil,false,,,"","",132293,false
"Stoneforge Mystic",2,"Creature - Kor Artificer",W,"prm","99681",rare,null,Not Owned,Non-foil,false,,,"","",99681,false
"Voice of Victory",2,"Creature - Human Bard",W,"tdm","33",rare,null,Not Owned,Non-foil,false,,,"","",139011,false
"Adeline, Resplendent Cathar",3,"Legendary Creature - Human Knight",W,"mid","1",rare,null,Not Owned,Non-foil,false,,,"","",92916,false
"Elite Spellbinder",3,"Creature - Human Cleric",W,"stx","17",rare,null,Not Owned,Non-foil,false,,,"","",88511,false
"Enduring Innocence",3,"Enchantment Creature - Sheep Glimmer",W,"dsk","6",rare,null,Not Owned,Non-foil,false,,,"","",130143,false
"Flickerwisp",3,"Creature - Elemental",W,"tsr","294",special,null,Not Owned,Non-foil,false,,,"","",86965,false
"Loran of the Third Path",3,"Legendary Creature - Human Artificer",W,"bro","12",rare,null,Not Owned,Non-foil,false,,,"","",104642,false
"Ranger-Captain of Eos",3,"Creature - Human Soldier Ranger",W,"prm","91205",rare,null,Not Owned,Non-foil,false,,,"","",91205,false
"Skyclave Apparition",3,"Creature - Kor Spirit",W,"znr","39",rare,null,Not Owned,Non-foil,false,,,"","",83023,false
"Appa, Steadfast Guardian",4,"Legendary Creature - Bison Ally",W,"tla","10",mythic,null,Not Owned,Non-foil,false,,,"","",144496,false
"Palace Jailer",4,"Creature - Human Soldier",W,"tsr","298",special,null,Not Owned,Non-foil,false,,,"","",86973,false
"Serra Paragon",4,"Creature - Angel",W,"dmu","32",mythic,null,Not Owned,Non-foil,false,,,"","",102540,false
"Guardian Scalelord",5,"Creature - Dragon",W,"moc","16",rare,null,Not Owned,Non-foil,false,,,"","",111384,false
"Solitude",5,"Creature - Elemental Incarnation",W,"h2r","3",mythic,null,Not Owned,Non-foil,false,,,"","",125529,false
"Eagles of the North",6,"Creature - Bird Soldier",W,"ltr","7",common,null,Not Owned,Non-foil,false,,,"","",111924,false
"Overlord of the Mistmoors",7,"Enchantment Creature - Avatar Horror",W,"dsk","23",mythic,null,Not Owned,Non-foil,false,,,"","",130177,false
"The Wandering Emperor",4,"Legendary Planeswalker",W,"neo","42",mythic,null,Not Owned,Non-foil,false,,,"","",96998,false
"Elspeth, Storm Slayer",5,"Legendary Planeswalker - Elspeth",W,"tdm","11",mythic,null,Not Owned,Non-foil,false,,,"","",138965,false
"Ephemerate",1,"Instant",W,"prm","91221",rare,null,Not Owned,Non-foil,false,,,"","",91221,false
"Mana Tithe",1,"Instant",W,"plc","25",common,null,Not Owned,Non-foil,false,,,"","",26511,false
"Path to Exile",1,"Instant",W,"tsr","299",special,null,Not Owned,Non-foil,false,,,"","",86975,false
"Swords to Plowshares",1,"Instant",W,"me4","30",uncommon,null,Not Owned,Non-foil,false,,,"","",38608,false
"Get Lost",2,"Instant",W,"lci","14",rare,null,Not Owned,Non-foil,false,,,"","",117806,false
"Reprieve",2,"Instant",W,"ltr","26",uncommon,null,Not Owned,Non-foil,false,,,"","",111962,false
"Unexpectedly Absent",2,"Instant",W,"ema","33",rare,null,Not Owned,Non-foil,false,,,"","",60827,false
"Oust",1,"Sorcery",W,"roe","40",uncommon,null,Not Owned,Non-foil,false,,,"","",36682,false
"Prismatic Ending",1,"Sorcery",W,"mh2","384",uncommon,null,Not Owned,Non-foil,false,,,"","",91041,false
"Balance",2,"Sorcery",W,"me4","6",rare,null,Not Owned,Non-foil,false,,,"","",38476,false
"Winds of Abandon",2,"Sorcery",W,"prm","99671",rare,null,Not Owned,Non-foil,false,,,"","",99671,false
"Council's Judgment",3,"Sorcery",W,"vma","20",rare,null,Not Owned,Non-foil,false,,,"","",53181,false
"Lingering Souls",3,"Sorcery",W,"tsr","296",special,null,Not Owned,Non-foil,false,,,"","",86969,false
"Wrath of God",4,"Sorcery",W,"leb","46",rare,null,Not Owned,Non-foil,false,,,"","",-1,false
"Sunfall",5,"Sorcery",W,"mom","40",rare,null,Not Owned,Non-foil,false,,,"","",109890,false
"Portable Hole",1,"Artifact",W,"afr","33",uncommon,null,Not Owned,Non-foil,false,,,"","",91568,false
"Glimmer Lens",2,"Artifact - Equipment",W,"onc","6",rare,null,Not Owned,Non-foil,false,,,"","",106875,false
"Staff of the Storyteller",2,"Artifact",W,"onc","10",rare,null,Not Owned,Non-foil,false,,,"","",106883,false
"Aang's Iceberg",3,"Enchantment",W,"tla","5",rare,null,Not Owned,Non-foil,false,,,"","",144486,false
"Parallax Wave",4,"Enchantment",W,"nem","17",rare,null,Not Owned,Non-foil,false,,,"","",13747,false
"Leyline Binding",6,"Enchantment",W,"dmu","24",rare,null,Not Owned,Non-foil,false,,,"","",102524,false
"Abandoned Air Temple",0,"Land",,"tla","263",rare,White,Not Owned,Non-foil,false,,,"","",145018,false
"Witch Enchanter",4,"Land",W,"mh3","239",uncommon,White,Not Owned,Non-foil,false,,,"","",126501,false
"Mockingbird",1,"Creature - Bird Bard",U,"blb","61",rare,null,Not Owned,Non-foil,false,,,"","",129367,false
"Tamiyo, Inquisitive Student",1,"Legendary Creature - Moonfolk Wizard",U,"mh3","242",mythic,null,Not Owned,Non-foil,false,,,"","",126513,false
"Faerie Mastermind",2,"Creature - Faerie Rogue",U,"mom","58",rare,null,Not Owned,Non-foil,false,,,"","",109930,false
"Jace, Vryn's Prodigy",2,"Legendary Creature - Human Wizard",U,"ori","60",mythic,null,Not Owned,Non-foil,false,,,"","",57880,false
"Katara, Waterbending Master",2,"Legendary Creature - Human Warrior Ally",U,"tle","93",mythic,null,Not Owned,Non-foil,false,,,"","",145584,false
"Ledger Shredder",2,"Creature - Bird Advisor",U,"snc","46",rare,null,Not Owned,Non-foil,false,,,"","",98311,false
"Malcolm, Alluring Scoundrel",2,"Legendary Creature - Siren Pirate",U,"lci","63",rare,null,Not Owned,Non-foil,false,,,"","",117924,false
"Phantasmal Image",2,"Creature - Illusion",U,"m12","72",rare,null,Not Owned,Non-foil,false,,,"","",41369,false
"Snapcaster Mage",2,"Creature - Human Wizard",U,"inr","478",mythic,null,Not Owned,Non-foil,false,,,"","",135188,false
"Thassa's Oracle",2,"Creature - Merfolk Wizard",U,"thb","73",rare,null,Not Owned,Non-foil,false,,,"","",79270,false
"Thieving Skydiver",2,"Creature - Merfolk Rogue",U,"znr","85",rare,null,Not Owned,Non-foil,false,,,"","",83127,false
"Thundertrap Trainer",2,"Creature - Otter Wizard",U,"blb","78",rare,null,Not Owned,Non-foil,false,,,"","",129401,false
"Wan Shi Tong, Librarian",2,"Legendary Creature - Bird Spirit",U,"tla","78",mythic,null,Not Owned,Non-foil,false,,,"","",144636,false
"Abhorrent Oculus",3,"Creature - Eye",U,"dsk","42",mythic,null,Not Owned,Non-foil,false,,,"","",130215,false
"Brazen Borrower",3,"Creature - Faerie Rogue",U,"eld","39",mythic,null,Not Owned,Non-foil,false,,,"","",78180,false
"Emry, Lurker of the Loch",3,"Legendary Creature - Merfolk Wizard",U,"brc","81",rare,null,Not Owned,Non-foil,false,,,"","",105284,false
"Forensic Gadgeteer",3,"Creature - Vedalken Artificer Detective",U,"mkm","57",rare,null,Not Owned,Non-foil,false,,,"","",121600,false
"Hullbreacher",3,"Creature - Merfolk Pirate",U,"cmr","74",rare,null,Not Owned,Non-foil,false,,,"","",84930,false
"Spellseeker",3,"Creature - Human Wizard",U,"bbd","41",rare,null,Not Owned,Non-foil,false,,,"","",68810,false
"Tishana's Tidebinder",3,"Creature - Merfolk Wizard",U,"lci","81",rare,null,Not Owned,Non-foil,false,,,"","",117962,false
"Trinket Mage",3,"Creature - Human Wizard",U,"tsr","320",special,null,Not Owned,Non-foil,false,,,"","",87017,false
"Displacer Kitten",4,"Creature - Cat Beast",U,"clb","63",rare,null,Not Owned,Non-foil,false,,,"","",100124,false
"Subtlety",4,"Creature - Elemental Incarnation",U,"h2r","6",mythic,null,Not Owned,Non-foil,false,,,"","",125535,false
"Urza, Lord High Artificer",4,"Legendary Creature - Human Artificer",U,"dmr","296",mythic,null,Not Owned,Non-foil,false,,,"","",107277,false
"Quantum Riddler",5,"Creature - Sphinx",U,"eoe","72",mythic,null,Not Owned,Non-foil,false,,,"","",142757,false
"Wan Shi Tong, All-Knowing",5,"Legendary Creature - Bird Spirit",U,"tle","98",mythic,null,Not Owned,Non-foil,false,,,"","",145594,false
"Kappa Cannoneer",6,"Artifact Creature - Turtle Warrior",U,"mh3","401",rare,null,Not Owned,Non-foil,false,,,"","",125591,false
"Narset, Parter of Veils",3,"Legendary Planeswalker - Narset",U,"war","61",uncommon,null,Not Owned,Non-foil,false,,,"","",71728,false
"Jace, the Mind Sculptor",4,"Legendary Planeswalker - Jace",U,"wwk","31",mythic,null,Not Owned,Non-foil,false,,,"","",35591,false
"Jace, Wielder of Mysteries",4,"Legendary Planeswalker - Jace",U,"war","54",rare,null,Not Owned,Non-foil,false,,,"","",71714,false
"Ancestral Recall",1,"Instant",U,"leb","48",rare,null,Not Owned,Non-foil,false,,,"","",-1,false
"Brainstorm",1,"Instant",U,"me2","42",common,null,Not Owned,Non-foil,false,,,"","",30394,false
"Consider",1,"Instant",U,"mid","44",common,null,Not Owned,Non-foil,false,,,"","",93020,false
"Mystical Tutor",1,"Instant",U,"mir","80",uncommon,null,Not Owned,Non-foil,false,,,"","",7163,false
"Occult Epiphany",1,"Instant",U,"voc","14",rare,null,Not Owned,Non-foil,false,,,"","",95186,false
"Spell Pierce",1,"Instant",U,"zen","67",common,null,Not Owned,Non-foil,false,,,"","",34442,false
"Stern Scolding",1,"Instant",U,"ltr","71",uncommon,null,Not Owned,Non-foil,false,,,"","",112052,false
"Thought Scour",1,"Instant",U,"dka","52",common,null,Not Owned,Non-foil,false,,,"","",43399,false
"Brain Freeze",2,"Instant",U,"scg","29",uncommon,null,Not Owned,Non-foil,false,,,"","",18932,false
"Consult the Star Charts",2,"Instant",U,"eoe","51",rare,null,Not Owned,Non-foil,false,,,"","",142715,false
"Counterspell",2,"Instant",U,"me4","45",common,null,Not Owned,Non-foil,false,,,"","",38498,false
"Daze",2,"Instant",U,"nem","30",common,null,Not Owned,Non-foil,false,,,"","",14009,false
"Flash",2,"Instant",U,"mir","66",rare,null,Not Owned,Non-foil,false,,,"","",6981,false
"Lose Focus",2,"Instant",U,"mh2","49",common,null,Not Owned,Non-foil,false,,,"","",90467,false
"Mana Drain",2,"Instant",U,"me3","43",rare,null,Not Owned,Non-foil,false,,,"","",33560,false
"Mana Leak",2,"Instant",U,"sth","36",common,null,Not Owned,Non-foil,false,,,"","",10307,false
"Memory Lapse",2,"Instant",U,"mir","74",common,null,Not Owned,Non-foil,false,,,"","",7127,false
"Miscalculation",2,"Instant",U,"ulg","36",common,null,Not Owned,Non-foil,false,,,"","",12607,false
"Remand",2,"Instant",U,"tsr","316",special,null,Not Owned,Non-foil,false,,,"","",87009,false
"Force of Negation",3,"Instant",U,"prm","91237",rare,null,Not Owned,Non-foil,false,,,"","",91237,false
"Frantic Search",3,"Instant",U,"ulg","32",common,null,Not Owned,Non-foil,false,,,"","",12615,false
"Paradoxical Outcome",4,"Instant",U,"tsr","314",special,null,Not Owned,Non-foil,false,,,"","",87005,false
"Force of Will",5,"Instant",U,"me1","33",rare,null,Not Owned,Non-foil,false,,,"","",28111,false
"Gush",5,"Instant",U,"mmq","82",common,null,Not Owned,Non-foil,false,,,"","",13659,false
"Mystic Confluence",5,"Instant",U,"tsr","312",special,null,Not Owned,Non-foil,false,,,"","",87001,false
"Ponder",1,"Sorcery",U,"tsr","315",special,null,Not Owned,Non-foil,false,,,"","",87007,false
"Preordain",1,"Sorcery",U,"brc","92",common,null,Not Owned,Non-foil,false,,,"","",105306,false
"Time Walk",2,"Sorcery",U,"leb","84",rare,null,Not Owned,Non-foil,false,,,"","",-1,false
"Show and Tell",3,"Sorcery",U,"usg","96",rare,null,Not Owned,Non-foil,false,,,"","",12139,false
"Stock Up",3,"Sorcery",U,"dft","67",uncommon,null,Not Owned,Non-foil,false,,,"","",136257,false
"Timetwister",3,"Sorcery",U,"leb","85",rare,null,Not Owned,Non-foil,false,,,"","",-1,false
"Tinker",3,"Sorcery",U,"ulg","45",uncommon,null,Not Owned,Non-foil,false,,,"","",12623,false
"Lórien Revealed",5,"Sorcery",U,"ltr","60",common,null,Not Owned,Non-foil,false,,,"","",112030,false
"Time Warp",5,"Sorcery",U,"tmp","97",rare,null,Not Owned,Non-foil,false,,,"","",9895,false
"Echo of Eons",6,"Sorcery",U,"mh1","46",mythic,null,Not Owned,Non-foil,false,,,"","",72464,false
"Time Spiral",6,"Sorcery",U,"usg","103",rare,null,Not Owned,Non-foil,false,,,"","",12385,false
"Upheaval",6,"Sorcery",U,"ody","113",rare,null,Not Owned,Non-foil,false,,,"","",16811,false
"Treasure Cruise",8,"Sorcery",U,"tsr","319",special,null,Not Owned,Non-foil,false,,,"","",87015,false
"Aether Spellbomb",1,"Artifact",,"mrd","141",common,null,Not Owned,Non-foil,false,,,"","",19871,false
"Astrologian's Planisphere",2,"Artifact - Equipment",U,"fin","46",rare,null,Not Owned,Non-foil,false,,,"","",141017,false
"Stormchaser's Talent",1,"Enchantment - Class",U,"blb","75",rare,null,Not Owned,Non-foil,false,,,"","",129395,false
"Proft's Eidetic Memory",2,"Legendary Enchantment",U,"mkm","67",rare,null,Not Owned,Non-foil,false,,,"","",121620,false
"Otawara, Soaring City",0,"Legendary Land",,"neo","271",rare,Blue,Not Owned,Non-foil,false,,,"","",97492,false
"Shelldock Isle",0,"Land",,"lrw","272",rare,Blue,Not Owned,Non-foil,false,,,"","",28707,false
"Sink into Stupor",3,"Land",U,"mh3","241",uncommon,Blue,Not Owned,Non-foil,false,,,"","",126509,false
"Cecil, Dark Knight",1,"Legendary Creature - Human Knight",B,"fin","91",rare,null,Not Owned,Non-foil,false,,,"","",141111,false
"Concealing Curtains",1,"Creature - Wall",B,"vow","101",rare,null,Not Owned,Non-foil,false,,,"","",94522,false
"Nethergoyf",1,"Creature - Lhurgoyf",B,"mh3","103",mythic,null,Not Owned,Non-foil,false,,,"","",126223,false
"Caustic Bronco",2,"Creature - Snake Horse Mount",B,"otj","82",rare,null,Not Owned,Non-foil,false,,,"","",124075,false
"Dark Confidant",2,"Creature - Human Wizard",B,"rav","81",rare,null,Not Owned,Non-foil,false,,,"","",23084,false
"Dauthi Voidwalker",2,"Creature - Dauthi Rogue",B,"mh2","397",rare,null,Not Owned,Non-foil,false,,,"","",91067,false
"Deep-Cavern Bat",2,"Creature - Bat",B,"lci","102",uncommon,null,Not Owned,Non-foil,false,,,"","",118008,false
"Emperor of Bones",2,"Creature - Skeleton Noble",B,"mh3","90",rare,null,Not Owned,Non-foil,false,,,"","",126197,false
"Kitesail Freebooter",2,"Creature - Human Pirate",B,"xln","110",uncommon,null,Not Owned,Non-foil,false,,,"","",65236,false
"Orcish Bowmasters",2,"Creature - Orc Archer",B,"ltr","103",rare,null,Not Owned,Non-foil,false,,,"","",112116,false
"Vampire Hexmage",2,"Creature - Vampire Shaman",B,"tsr","335",special,null,Not Owned,Non-foil,false,,,"","",87047,false
"Barrowgoyf",3,"Creature - Lhurgoyf",B,"m3c","102",rare,null,Not Owned,Non-foil,false,,,"","",127403,false
"Preacher of the Schism",3,"Creature - Vampire Cleric",B,"lci","113",rare,null,Not Owned,Non-foil,false,,,"","",118032,false
"Grief",4,"Creature - Elemental Incarnation",B,"h2r","7",mythic,null,Not Owned,Non-foil,false,,,"","",125537,false
"Sheoldred, the Apocalypse",4,"Legendary Creature - Phyrexian Praetor",B,"dmu","107",mythic,null,Not Owned,Non-foil,false,,,"","",102690,false
"Harvester of Misery",5,"Creature - Spirit",B,"big","9",mythic,null,Not Owned,Non-foil,false,,,"","",125379,false
"Overlord of the Balemurk",5,"Enchantment Creature - Avatar Horror",B,"dsk","113",mythic,null,Not Owned,Non-foil,false,,,"","",130357,false
"Crabomination",6,"Creature - Crab Demon",B,"mh3","85",rare,null,Not Owned,Non-foil,false,,,"","",126187,false
"Grave Titan",6,"Creature - Giant",B,"m11","97",mythic,null,Not Owned,Non-foil,false,,,"","",37374,false
"Metamorphosis Fanatic",6,"Creature - Human Cleric",B,"dsc","21",rare,null,Not Owned,Non-foil,false,,,"","",131363,false
"Troll of Khazad-dûm",6,"Creature - Troll",B,"ltr","111",common,null,Not Owned,Non-foil,false,,,"","",112132,false
"Archon of Cruelty",8,"Creature - Archon",B,"mh2","75",mythic,null,Not Owned,Non-foil,false,,,"","",90523,false
"Griselbrand",8,"Legendary Creature - Demon",B,"inr","381",mythic,null,Not Owned,Non-foil,false,,,"","",135048,false
"Liliana of the Veil",3,"Legendary Planeswalker - Liliana",B,"inr","475",mythic,null,Not Owned,Non-foil,false,,,"","",135182,false
"Cut Down",1,"Instant",B,"dmu","89",uncommon,null,Not Owned,Non-foil,false,,,"","",102654,false
"Dark Ritual",1,"Instant",B,"me4","74",common,null,Not Owned,Non-foil,false,,,"","",38502,false
"Entomb",1,"Instant",B,"ody","132",rare,null,Not Owned,Non-foil,false,,,"","",17047,false
"Fatal Push",1,"Instant",B,"aer","57",uncommon,null,Not Owned,Non-foil,false,,,"","",62689,false
"Vampiric Tutor",1,"Instant",B,"vis","72",rare,null,Not Owned,Non-foil,false,,,"","",7777,false
"Bitter Triumph",2,"Instant",B,"lci","91",uncommon,null,Not Owned,Non-foil,false,,,"","",117986,false
"Cabal Ritual",2,"Instant",B,"tor","51",common,null,Not Owned,Non-foil,false,,,"","",17191,false
"Infernal Grasp",2,"Instant",B,"inr","385",uncommon,null,Not Owned,Non-foil,false,,,"","",135056,false
"Shallow Grave",2,"Instant",B,"mir","141",rare,null,Not Owned,Non-foil,false,,,"","",7297,false
"Sheoldred's Edict",2,"Instant",B,"one","108",uncommon,null,Not Owned,Non-foil,false,,,"","",106431,false
"Corpse Dance",3,"Instant",B,"tmp","116",rare,null,Not Owned,Non-foil,false,,,"","",9801,false
"Baleful Mastery",4,"Instant",B,"stx","64",rare,null,Not Owned,Non-foil,false,,,"","",88605,false
"Snuff Out",4,"Instant",B,"mmq","162",common,null,Not Owned,Non-foil,false,,,"","",13495,false
"Bloodchief's Thirst",1,"Sorcery",B,"znr","94",uncommon,null,Not Owned,Non-foil,false,,,"","",83151,false
"Bone Shards",1,"Sorcery",B,"mh2","395",common,null,Not Owned,Non-foil,false,,,"","",91063,false
"Duress",1,"Sorcery",B,"usg","132",common,null,Not Owned,Non-foil,false,,,"","",12317,false
"Imperial Seal",1,"Sorcery",B,"me2","96",rare,null,Not Owned,Non-foil,false,,,"","",30780,false
"Inquisition of Kozilek",1,"Sorcery",B,"prm","99677",uncommon,null,Not Owned,Non-foil,false,,,"","",99677,false
"Mind Twist",1,"Sorcery",B,"me3","72",rare,null,Not Owned,Non-foil,false,,,"","",33458,false
"Reanimate",1,"Sorcery",B,"tmp","151",uncommon,null,Not Owned,Non-foil,false,,,"","",9989,false
"Thoughtseize",1,"Sorcery",B,"tsr","334",special,null,Not Owned,Non-foil,false,,,"","",87045,false
"Unearth",1,"Sorcery",B,"ulg","72",common,null,Not Owned,Non-foil,false,,,"","",12585,false
"Collective Brutality",2,"Sorcery",B,"inr","375",rare,null,Not Owned,Non-foil,false,,,"","",135036,false
"Demonic Tutor",2,"Sorcery",B,"me4","77",rare,null,Not Owned,Non-foil,false,,,"","",38508,false
"Exhume",2,"Sorcery",B,"usg","134",common,null,Not Owned,Non-foil,false,,,"","",11897,false
"Hymn to Tourach",2,"Sorcery",B,"me1","73",uncommon,null,Not Owned,Non-foil,false,,,"","",27999,false
"Life // Death",2,"Sorcery",B,"apc","130",uncommon,null,Not Owned,Non-foil,false,,,"","",16342,false
"Night's Whisper",2,"Sorcery",B,"5dn","55",uncommon,null,Not Owned,Non-foil,false,,,"","",20816,false
"Doomsday",3,"Sorcery",B,"wth","66",rare,null,Not Owned,Non-foil,false,,,"","",9279,false
"Toxic Deluge",3,"Sorcery",B,"mh3","412",rare,null,Not Owned,Non-foil,false,,,"","",125613,false
"Yawgmoth's Will",3,"Sorcery",B,"usg","171",rare,null,Not Owned,Non-foil,false,,,"","",12349,false
"Damnation",4,"Sorcery",B,"plc","85",rare,null,Not Owned,Non-foil,false,,,"","",26279,false
"Tendrils of Agony",4,"Sorcery",B,"scg","75",uncommon,null,Not Owned,Non-foil,false,,,"","",18866,false
"Wishclaw Talisman",2,"Artifact",B,"eld","110",rare,null,Not Owned,Non-foil,false,,,"","",78342,false
"Bolas's Citadel",6,"Legendary Artifact",B,"war","79",rare,null,Not Owned,Non-foil,false,,,"","",71764,false
"Animate Dead",2,"Enchantment - Aura",B,"me1","57",uncommon,null,Not Owned,Non-foil,false,,,"","",27765,false
"Fire Nation Occupation",3,"Enchantment",B,"tle","105",rare,null,Not Owned,Non-foil,false,,,"","",145608,false
"Necromancy",3,"Enchantment",B,"vis","64",uncommon,null,Not Owned,Non-foil,false,,,"","",7649,false
"Recurring Nightmare",3,"Enchantment",B,"exo","72",rare,null,Not Owned,Non-foil,false,,,"","",10583,false
"Urborg, Tomb of Yawgmoth",0,"Legendary Land",,"plc","165",rare,Black,Not Owned,Non-foil,false,,,"","",26479,false
"Blazing Rootwalla",1,"Creature - Lizard",R,"mh2","404",uncommon,null,Not Owned,Non-foil,false,,,"","",91081,false
"Dragon's Rage Channeler",1,"Creature - Human Shaman",R,"h2r","9",uncommon,null,Not Owned,Non-foil,false,,,"","",125541,false
"Greasewrench Goblin",1,"Creature - Goblin Artificer",R,"dft","132",uncommon,null,Not Owned,Non-foil,false,,,"","",136387,false
"Grim Lavamancer",1,"Creature - Human Wizard",R,"tor","100",rare,null,Not Owned,Non-foil,false,,,"","",17339,false
"Marauding Mako",1,"Creature - Shark Pirate",R,"dft","138",uncommon,null,Not Owned,Non-foil,false,,,"","",136399,false
"Orcish Lumberjack",1,"Creature - Orc",R,"me2","142",common,null,Not Owned,Non-foil,false,,,"","",30520,false
"Ragavan, Nimble Pilferer",1,"Legendary Creature - Monkey Pirate",R,"h2r","11",mythic,null,Not Owned,Non-foil,false,,,"","",125545,false
"Voldaren Epicure",1,"Creature - Vampire",R,"inr","405",common,null,Not Owned,Non-foil,false,,,"","",135096,false
"Cam and Farrik, Havoc Duo",2,"Legendary Creature - Goblin Human Villain",R,"om1","77",uncommon,null,Not Owned,Non-foil,false,,,"","",144076,false
"Embereth Shieldbreaker",2,"Creature - Human Knight",R,"eld","122",uncommon,null,Not Owned,Non-foil,false,,,"","",78368,false
"Fear of Missing Out",2,"Enchantment Creature - Nightmare",R,"dsk","136",rare,null,Not Owned,Non-foil,false,,,"","",130403,false
"Gau, Feral Youth",2,"Legendary Creature - Human Berserker",R,"fic","55",rare,null,Not Owned,Non-foil,false,,,"","",140101,false
"Generous Plunderer",2,"Creature - Human Rogue",R,"big","11",mythic,null,Not Owned,Non-foil,false,,,"","",125383,false
"Inti, Seneschal of the Sun",2,"Legendary Creature - Human Knight",R,"lci","156",rare,null,Not Owned,Non-foil,false,,,"","",118132,false
"Ivora, Insatiable Heir",2,"Legendary Creature - Vampire Warrior",R,"j25","50",uncommon,null,Not Owned,Non-foil,false,,,"","",132780,false
"Magda, Brazen Outlaw",2,"Legendary Creature - Dwarf Berserker",R,"khm","142",rare,null,Not Owned,Non-foil,false,,,"","",87619,false
"Party Thrasher",2,"Creature - Lizard Wizard",R,"mh3","419",rare,null,Not Owned,Non-foil,false,,,"","",125627,false
"Robber of the Rich",2,"Creature - Human Archer Rogue",R,"eld","138",mythic,null,Not Owned,Non-foil,false,,,"","",78406,false
"Anje's Ravager",3,"Creature - Vampire Berserker",R,"j25","517",rare,null,Not Owned,Non-foil,false,,,"","",-1,false
"Bonecrusher Giant",3,"Creature - Giant",R,"eld","115",rare,null,Not Owned,Non-foil,false,,,"","",78352,false
"Broadside Bombardiers",3,"Creature - Goblin Pirate",R,"lcc","86",rare,null,Not Owned,Non-foil,false,,,"","",119178,false
"Death-Greeter's Champion",3,"Creature - Human Warrior",R,"moc","30",rare,null,Not Owned,Non-foil,false,,,"","",111412,false
"Detective's Phoenix",3,"Enchantment Creature - Phoenix",R,"mh3","116",rare,null,Not Owned,Non-foil,false,,,"","",126249,false
"Gut, True Soul Zealot",3,"Legendary Creature - Goblin Shaman",R,"clb","180",uncommon,null,Not Owned,Non-foil,false,,,"","",100384,false
"Laelia, the Blade Reforged",3,"Legendary Creature - Spirit Warrior",R,"mh3","281",rare,null,Not Owned,Non-foil,false,,,"","",125973,false
"Screaming Nemesis",3,"Creature - Spirit",R,"dsk","157",mythic,null,Not Owned,Non-foil,false,,,"","",130445,false
"Seasoned Pyromancer",3,"Creature - Human Shaman",R,"mh1","145",mythic,null,Not Owned,Non-foil,false,,,"","",72662,false
"Squee, Goblin Nabob",3,"Legendary Creature - Goblin",R,"mmq","214",rare,null,Not Owned,Non-foil,false,,,"","",13439,false
"Tersa Lightshatter",3,"Legendary Creature - Orc Wizard",R,"tdm","127",rare,null,Not Owned,Non-foil,false,,,"","",139209,false
"Anger",4,"Creature - Incarnation",R,"jud","77",uncommon,null,Not Owned,Non-foil,false,,,"","",17524,false
"Headliner Scarlett",4,"Legendary Creature - Human Warlock",R,"clu","4",rare,null,Not Owned,Non-foil,false,,,"","",123418,false
"Pyrogoyf",4,"Creature - Lhurgoyf",R,"m3c","111",rare,null,Not Owned,Non-foil,false,,,"","",127421,false
"Fury",5,"Creature - Elemental Incarnation",R,"h2r","10",mythic,null,Not Owned,Non-foil,false,,,"","",125543,false
"Glorybringer",5,"Creature - Dragon",R,"akh","134",rare,null,Not Owned,Non-foil,false,,,"","",63870,false
"Goldspan Dragon",5,"Creature - Dragon",R,"khm","139",mythic,null,Not Owned,Non-foil,false,,,"","",87613,false
"Oliphaunt",6,"Creature - Elephant",R,"ltr","139",common,null,Not Owned,Non-foil,false,,,"","",112188,false
"Etali, Primal Conqueror",7,"Legendary Creature - Elder Dinosaur",R,"mom","137",rare,null,Not Owned,Non-foil,false,,,"","",110122,false
"Chandra, Torch of Defiance",4,"Legendary Planeswalker - Chandra",R,"kld","110",mythic,null,Not Owned,Non-foil,false,,,"","",61573,false
"Burst Lightning",1,"Instant",R,"zen","119",common,null,Not Owned,Non-foil,false,,,"","",34408,false
"Galvanic Discharge",1,"Instant",R,"mh3","417",common,null,Not Owned,Non-foil,false,,,"","",125623,false
"Lightning Bolt",1,"Instant",R,"me1","102",common,null,Not Owned,Non-foil,false,,,"","",27803,false
"Monstrous Rage",1,"Instant",R,"woe","142",uncommon,null,Not Owned,Non-foil,false,,,"","",116610,false
"Tarfire",1,"Kindred Instant - Goblin",R,"lrw","194",common,null,Not Owned,Non-foil,false,,,"","",28299,false
"Unholy Heat",1,"Instant",R,"h2r","13",common,null,Not Owned,Non-foil,false,,,"","",125549,false
"Abrade",2,"Instant",R,"brc","111",uncommon,null,Not Owned,Non-foil,false,,,"","",105344,false
"Delayed Blast Fireball",3,"Instant",R,"clb","676",rare,null,Not Owned,Non-foil,false,,,"","",101448,false
"Mine Collapse",4,"Instant",R,"mh2","408",common,null,Not Owned,Non-foil,false,,,"","",91089,false
"Through the Breach",5,"Instant - Arcane",R,"inr","404",mythic,null,Not Owned,Non-foil,false,,,"","",135094,false
"Fireblast",6,"Instant",R,"vis","79",common,null,Not Owned,Non-foil,false,,,"","",7551,false
"Pyrokinesis",6,"Instant",R,"me2","147",rare,null,Not Owned,Non-foil,false,,,"","",30710,false
"Chain Lightning",1,"Sorcery",R,"me3","90",common,null,Not Owned,Non-foil,false,,,"","",33500,false
"Faithless Looting",1,"Sorcery",R,"brc","116",common,null,Not Owned,Non-foil,false,,,"","",105354,false
"Firebolt",1,"Sorcery",R,"ody","193",common,null,Not Owned,Non-foil,false,,,"","",16705,false
"Flame Slash",1,"Sorcery",R,"roe","145",common,null,Not Owned,Non-foil,false,,,"","",36640,false
"Suplex",2,"Sorcery",R,"fin","164",common,null,Not Owned,Non-foil,false,,,"","",141267,false
"Wheel of Fortune",3,"Sorcery",R,"me4","140",rare,null,Not Owned,Non-foil,false,,,"","",38636,false
"Fiery Confluence",4,"Sorcery",R,"moc","278",rare,null,Not Owned,Non-foil,false,,,"","",111012,false
"Cori-Steel Cutter",2,"Artifact - Equipment",R,"tdm","103",rare,null,Not Owned,Non-foil,false,,,"","",139159,false
"Legion Extruder",2,"Artifact",R,"big","12",mythic,null,Not Owned,Non-foil,false,,,"","",125385,false
"Goblin Bombardment",2,"Enchantment",R,"tmp","179",uncommon,null,Not Owned,Non-foil,false,,,"","",10077,false
"Underworld Breach",2,"Enchantment",R,"thb","161",rare,null,Not Owned,Non-foil,false,,,"","",79446,false
"Fable of the Mirror-Breaker",3,"Enchantment - Saga",R,"neo","141",rare,null,Not Owned,Non-foil,false,,,"","",97210,false
"Sneak Attack",4,"Enchantment",R,"usg","218",rare,null,Not Owned,Non-foil,false,,,"","",12399,false
"Arena of Glory",0,"Land",,"mh3","215",rare,Red,Not Owned,Non-foil,false,,,"","",126449,false
"Sundering Eruption",3,"Land",R,"mh3","248",uncommon,Red,Not Owned,Non-foil,false,,,"","",126537,false
"Avacyn's Pilgrim",1,"Creature - Human Monk",G,"isd","170",common,null,Not Owned,Non-foil,false,,,"","",42678,false
"Basking Rootwalla",1,"Creature - Lizard",G,"tor","121",common,null,Not Owned,Non-foil,false,,,"","",17293,false
"Birds of Paradise",1,"Creature - Bird",G,"dmr","336",rare,null,Not Owned,Non-foil,false,,,"","",107357,false
"Delighted Halfling",1,"Creature - Halfling Citizen",G,"ltr","158",rare,null,Not Owned,Non-foil,false,,,"","",112226,false
"Elvish Mystic",1,"Creature - Elf Druid",G,"tsr","360",special,null,Not Owned,Non-foil,false,,,"","",87097,false
"Elvish Reclaimer",1,"Creature - Elf Warrior",G,"m20","169",rare,null,Not Owned,Non-foil,false,,,"","",73237,false
"Haywire Mite",1,"Artifact Creature - Insect",,"bro","199",uncommon,null,Not Owned,Non-foil,false,,,"","",105018,false
"Hexdrinker",1,"Creature - Snake",G,"mh1","168",mythic,null,Not Owned,Non-foil,false,,,"","",72708,false
"Ignoble Hierarch",1,"Creature - Goblin Shaman",G,"mh2","414",rare,null,Not Owned,Non-foil,false,,,"","",91101,false
"Llanowar Elves",1,"Creature - Elf Druid",G,"prm","35934",common,null,Not Owned,Non-foil,false,,,"","",35934,false
"Noble Hierarch",1,"Creature - Human Druid",G,"j12","3",rare,null,Not Owned,Non-foil,false,,,"","",-1,false
"Sazh's Chocobo",1,"Creature - Bird",G,"fin","200",uncommon,null,Not Owned,Non-foil,false,,,"","",141341,false
"Sylvan Safekeeper",1,"Creature - Human Wizard",G,"jud","133",rare,null,Not Owned,Non-foil,false,,,"","",17374,false
"Badgermole Cub",2,"Creature - Badger Mole",G,"tla","167",mythic,null,Not Owned,Non-foil,false,,,"","",144818,false
"Bristly Bill, Spine Sower",2,"Legendary Creature - Plant Druid",G,"otj","157",mythic,null,Not Owned,Non-foil,false,,,"","",124225,false
"Cankerbloom",2,"Creature - Phyrexian Fungus",G,"one","161",uncommon,null,Not Owned,Non-foil,false,,,"","",106537,false
"Fanatic of Rhonas",2,"Creature - Snake Druid",G,"mh3","152",rare,null,Not Owned,Non-foil,false,,,"","",126321,false
"Great Divide Guide",2,"Creature - Human Scout Ally",G,"tla","181",rare,null,Not Owned,Non-foil,false,,,"","",144846,false
"Keen-Eyed Curator",2,"Creature - Raccoon Scout",G,"blb","181",rare,null,Not Owned,Non-foil,false,,,"","",129607,false
"Satyr Wayfinder",2,"Creature - Satyr",G,"bng","136",common,null,Not Owned,Non-foil,false,,,"","",51643,false
"Scythecat Cub",2,"Creature - Cat",G,"j25","24",rare,null,Not Owned,Non-foil,false,,,"","",132840,false
"Springheart Nantuko",2,"Enchantment Creature - Insect Monk",G,"mh3","171",rare,null,Not Owned,Non-foil,false,,,"","",126359,false
"Sylvan Caryatid",2,"Creature - Plant",G,"ths","180",rare,null,Not Owned,Non-foil,false,,,"","",50260,false
"Tarmogoyf",2,"Creature - Lhurgoyf",G,"fut","153",rare,null,Not Owned,Non-foil,false,,,"","",26844,false
"Tifa Lockhart",2,"Legendary Creature - Human Monk",G,"fin","206",rare,null,Not Owned,Non-foil,false,,,"","",141355,false
"Town Greeter",2,"Creature - Human Citizen",G,"fin","209",common,null,Not Owned,Non-foil,false,,,"","",141361,false
"Courser of Kruphix",3,"Enchantment Creature - Centaur",G,"tsr","359",special,null,Not Owned,Non-foil,false,,,"","",87095,false
"Endurance",3,"Creature - Elemental Incarnation",G,"h2r","14",mythic,null,Not Owned,Non-foil,false,,,"","",125551,false
"Eternal Witness",3,"Creature - Human Shaman",G,"tsr","361",special,null,Not Owned,Non-foil,false,,,"","",87099,false
"Sentinel of the Nameless City",3,"Creature - Merfolk Warrior Scout",G,"lci","211",rare,null,Not Owned,Non-foil,false,,,"","",118256,false
"Six",3,"Legendary Creature - Treefolk",G,"mh3","430",rare,null,Not Owned,Non-foil,false,,,"","",125649,false
"The Scouring Stormsoul",3,"Legendary Creature - Sand Elemental Villain",G,"om1","113",rare,null,Not Owned,Non-foil,false,,,"","",144152,false
"Tireless Tracker",3,"Creature - Human Scout",G,"soi","233",rare,null,Not Owned,Non-foil,false,,,"","",60320,false
"Ursine Monstrosity",3,"Creature - Bear Mutant",G,"dsc","36",rare,null,Not Owned,Non-foil,false,,,"","",131393,false
"Baloth Prime",4,"Creature - Beast",G,"eoc","13",rare,null,Not Owned,Non-foil,false,,,"","",142203,false
"Icetill Explorer",4,"Creature - Insect Scout",G,"eoe","192",rare,null,Not Owned,Non-foil,false,,,"","",142997,false
"Ouroboroid",4,"Creature - Plant Wurm",G,"eoe","201",mythic,null,Not Owned,Non-foil,false,,,"","",143015,false
"Questing Beast",4,"Legendary Creature - Beast",G,"eld","171",mythic,null,Not Owned,Non-foil,false,,,"","",78482,false
"Sowing Mycospawn",4,"Creature - Eldrazi Fungus",,"mh3","170",rare,null,Not Owned,Non-foil,false,,,"","",126357,false
"Vengevine",4,"Creature - Elemental",G,"roe","212",mythic,null,Not Owned,Non-foil,false,,,"","",36540,false
"Titania, Protector of Argoth",5,"Legendary Creature - Elemental",G,"mh2","416",mythic,null,Not Owned,Non-foil,false,,,"","",91105,false
"Generous Ent",6,"Creature - Treefolk",G,"ltr","169",common,null,Not Owned,Non-foil,false,,,"","",112248,false
"Vaultborn Tyrant",7,"Creature - Dinosaur",G,"big","20",mythic,null,Not Owned,Non-foil,false,,,"","",125401,false
"Woodfall Primus",8,"Creature - Treefolk Shaman",G,"shm","135",rare,null,Not Owned,Non-foil,false,,,"","",29589,false
"Worldspine Wurm",11,"Creature - Wurm",G,"rtr","140",mythic,null,Not Owned,Non-foil,false,,,"","",46795,false
"Nissa, Who Shakes the World",5,"Legendary Planeswalker - Nissa",G,"war","169",rare,null,Not Owned,Non-foil,false,,,"","",71944,false
"Crop Rotation",1,"Instant",G,"ulg","98",common,null,Not Owned,Non-foil,false,,,"","",12547,false
"Once Upon a Time",2,"Instant",G,"eld","169",rare,null,Not Owned,Non-foil,false,,,"","",78478,false
"Force of Vigor",4,"Instant",G,"prm","91309",rare,null,Not Owned,Non-foil,false,,,"","",91309,false
"Green Sun's Zenith",1,"Sorcery",G,"prm","99683",rare,null,Not Owned,Non-foil,false,,,"","",99683,false
"Pest Infestation",1,"Sorcery",G,"c21","65",rare,null,Not Owned,Non-foil,false,,,"","",89873,false
"Channel",2,"Sorcery",G,"me4","145",rare,null,Not Owned,Non-foil,false,,,"","",38490,false
"Malevolent Rumble",2,"Sorcery",G,"mh3","161",common,null,Not Owned,Non-foil,false,,,"","",126339,false
"Natural Order",4,"Sorcery",G,"vis","114",rare,null,Not Owned,Non-foil,false,,,"","",7647,false
"Esika's Chariot",4,"Legendary Artifact - Vehicle",G,"khm","169",rare,null,Not Owned,Non-foil,false,,,"","",87677,false
"Exploration",1,"Enchantment",G,"usg","250",rare,null,Not Owned,Non-foil,false,,,"","",12335,false
"Fastbond",1,"Enchantment",G,"me4","152",rare,null,Not Owned,Non-foil,false,,,"","",38512,false
"Oath of Druids",2,"Enchantment",G,"exo","115",rare,null,Not Owned,Non-foil,false,,,"","",10519,false
"Survival of the Fittest",2,"Enchantment",G,"exo","129",rare,null,Not Owned,Non-foil,false,,,"","",10709,false
"Earthbender Ascension",3,"Enchantment",G,"tla","175",rare,null,Not Owned,Non-foil,false,,,"","",144834,false
"Walk-In Closet // Forgotten Cellar",8,"Enchantment - Room",G,"dsk","205",mythic,null,Not Owned,Non-foil,false,,,"","",130541,false
"Boseiju, Who Endures",0,"Legendary Land",,"neo","266",rare,Green,Not Owned,Non-foil,false,,,"","",97482,false
"Shifting Woodland",0,"Land",,"mh3","228",rare,Green,Not Owned,Non-foil,false,,,"","",126475,false
"Yavimaya, Cradle of Growth",0,"Legendary Land",,"mh2","441",rare,Green,Not Owned,Non-foil,false,,,"","",91155,false
"Walking Ballista",0,"Artifact Creature - Construct",,"aer","181",rare,null,Not Owned,Non-foil,false,,,"","",62561,false
"Phyrexian Metamorph",3,"Artifact Creature - Phyrexian Shapeshifter",U,"nph","42",rare,Colorless,Not Owned,Non-foil,false,,,"","",39734,false
"Blightsteel Colossus",12,"Artifact Creature - Phyrexian Golem",,"mbs","99",mythic,null,Not Owned,Non-foil,false,,,"","",39587,false
"Emrakul, the Aeons Torn",15,"Legendary Creature - Eldrazi",,"roe","4",mythic,null,Not Owned,Non-foil,false,,,"","",36396,false
"Tezzeret, Cruel Captain",3,"Legendary Planeswalker - Tezzeret",,"eoe","2",mythic,null,Not Owned,Non-foil,false,,,"","",142617,false
"Karn, Scion of Urza",4,"Legendary Planeswalker - Karn",,"dom","1",mythic,null,Not Owned,Non-foil,false,,,"","",67467,false
"Ugin, Eye of the Storms",7,"Legendary Planeswalker - Ugin",,"tdm","1",mythic,null,Not Owned,Non-foil,false,,,"","",138945,false
"Mutagenic Growth",0,"Instant",G,"nph","116",common,Colorless,Not Owned,Non-foil,false,,,"","",40000,false
"Dismember",1,"Instant",B,"tsr","322",special,Colorless,Not Owned,Non-foil,false,,,"","",87021,false
"Gitaxian Probe",0,"Sorcery",U,"nph","35",common,Colorless,Not Owned,Non-foil,false,,,"","",39976,false
"Black Lotus",0,"Artifact",,"leb","233",rare,null,Not Owned,Non-foil,false,,,"","",-1,false
"Chrome Mox",0,"Artifact",,"mrd","152",rare,null,Not Owned,Non-foil,false,,,"","",19831,false
"Everflowing Chalice",0,"Artifact",,"tsr","394",special,null,Not Owned,Non-foil,false,,,"","",87165,false
"Lion's Eye Diamond",0,"Artifact",,"mir","307",rare,null,Not Owned,Non-foil,false,,,"","",7103,false
"Lotus Petal",0,"Artifact",,"tmp","294",common,null,Not Owned,Non-foil,false,,,"","",9475,false
"Mana Crypt",0,"Artifact",,"me2","214",rare,null,Not Owned,Non-foil,false,,,"","",30310,false
"Mishra's Bauble",0,"Artifact",,"brr","34",uncommon,null,Not Owned,Non-foil,false,,,"","",104486,false
"Mox Diamond",0,"Artifact",,"sth","138",rare,null,Not Owned,Non-foil,false,,,"","",10325,false
"Mox Emerald",0,"Artifact",,"leb","262",rare,Colorless,Not Owned,Non-foil,false,,,"","",-1,false
"Mox Jet",0,"Artifact",,"leb","263",rare,Colorless,Not Owned,Non-foil,false,,,"","",-1,false
"Mox Opal",0,"Legendary Artifact",,"som","179",mythic,null,Not Owned,Non-foil,false,,,"","",38197,false
"Mox Pearl",0,"Artifact",,"leb","264",rare,Colorless,Not Owned,Non-foil,false,,,"","",-1,false
"Mox Ruby",0,"Artifact",,"leb","265",rare,Colorless,Not Owned,Non-foil,false,,,"","",-1,false
"Mox Sapphire",0,"Artifact",,"leb","266",rare,Colorless,Not Owned,Non-foil,false,,,"","",-1,false
"Urza's Bauble",0,"Artifact",,"me1","170",uncommon,null,Not Owned,Non-foil,false,,,"","",28071,false
"Zuran Orb",0,"Artifact",,"me1","174",uncommon,null,Not Owned,Non-foil,false,,,"","",28077,false
"Candelabra of Tawnos",1,"Artifact",,"me4","187",rare,null,Not Owned,Non-foil,false,,,"","",38704,false
"Chromatic Star",1,"Artifact",,"brr","11",uncommon,null,Not Owned,Non-foil,false,,,"","",104440,false
"Currency Converter",1,"Artifact",,"ncc","81",rare,null,Not Owned,Non-foil,false,,,"","",-1,false
"Expedition Map",1,"Artifact",,"zen","201",common,null,Not Owned,Non-foil,false,,,"","",34832,false
"Lavaspur Boots",1,"Artifact - Equipment",,"otj","243",uncommon,null,Not Owned,Non-foil,false,,,"","",124397,false
"Mana Vault",1,"Artifact",,"me4","214",rare,null,Not Owned,Non-foil,false,,,"","",38560,false
"Manifold Key",1,"Artifact",,"tsr","398",special,null,Not Owned,Non-foil,false,,,"","",87173,false
"Retrofitter Foundry",1,"Artifact",,"c18","57",rare,null,Not Owned,Non-foil,false,,,"","",-1,false
"Sensei's Divining Top",1,"Artifact",,"chk","268",uncommon,null,Not Owned,Non-foil,false,,,"","",21045,false
"Skullclamp",1,"Artifact - Equipment",,"brc","159",uncommon,null,Not Owned,Non-foil,false,,,"","",105440,false
"Sol Ring",1,"Artifact",,"me4","227",rare,null,Not Owned,Non-foil,false,,,"","",38604,false
"Soul-Guide Lantern",1,"Artifact",,"brr","54",uncommon,null,Not Owned,Non-foil,false,,,"","",104526,false
"Agatha's Soul Cauldron",2,"Legendary Artifact",,"woe","242",mythic,null,Not Owned,Non-foil,false,,,"","",116872,false
"Grim Monolith",2,"Artifact",,"ulg","126",rare,null,Not Owned,Non-foil,false,,,"","",12551,false
"Lightning Greaves",2,"Artifact - Equipment",,"mrd","199",uncommon,null,Not Owned,Non-foil,false,,,"","",19737,false
"Mind Stone",2,"Artifact",,"wth","153",common,null,Not Owned,Non-foil,false,,,"","",9135,false
"Pentad Prism",2,"Artifact",,"5dn","143",common,null,Not Owned,Non-foil,false,,,"","",20874,false
"Smuggler's Copter",2,"Artifact - Vehicle",,"kld","235",rare,null,Not Owned,Non-foil,false,,,"","",61797,false
"Sword of the Meek",2,"Artifact - Equipment",,"brr","59",rare,null,Not Owned,Non-foil,false,,,"","",104536,false
"Umezawa's Jitte",2,"Legendary Artifact - Equipment",,"bok","163",rare,null,Not Owned,Non-foil,false,,,"","",21603,false
"Basalt Monolith",3,"Artifact",,"me4","182",uncommon,null,Not Owned,Non-foil,false,,,"","",38478,false
"Coalition Relic",3,"Artifact",,"fut","161",rare,null,Not Owned,Non-foil,false,,,"","",26926,false
"Crucible of Worlds",3,"Artifact",,"5dn","114",rare,null,Not Owned,Non-foil,false,,,"","",20790,false
"Monument to Endurance",3,"Artifact",,"dft","237",rare,null,Not Owned,Non-foil,false,,,"","",136597,false
"Nettlecyst",3,"Artifact - Equipment",,"mh2","231",rare,null,Not Owned,Non-foil,false,,,"","",90843,false
"Palantír of Orthanc",3,"Legendary Artifact",,"ltr","247",mythic,null,Not Owned,Non-foil,false,,,"","",112404,false
"The One Ring",4,"Legendary Artifact",,"ltr","246",mythic,null,Not Owned,Non-foil,false,,,"","",112402,false
"Memory Jar",5,"Artifact",,"ulg","129",rare,null,Not Owned,Non-foil,false,,,"","",12697,false
"The Mightstone and Weakstone",5,"Legendary Artifact - Powerstone",,"bro","238",rare,null,Not Owned,Non-foil,false,,,"","",105100,false
"Coveted Jewel",6,"Artifact",,"c18","54",rare,null,Not Owned,Non-foil,false,,,"","",-1,false
"Kaldra Compleat",7,"Legendary Artifact - Equipment",,"mh2","227",mythic,null,Not Owned,Non-foil,false,,,"","",90835,false
"The Endstone",7,"Legendary Artifact",,"eoe","240",mythic,null,Not Owned,Non-foil,false,,,"","",143093,false
"Portal to Phyrexia",9,"Artifact",,"bro","240",mythic,null,Not Owned,Non-foil,false,,,"","",105104,false
"Makdee and Itla, Skysnarers",2,"Legendary Creature - Spider Human Hero",UW,"om1","145",rare,null,Not Owned,Non-foil,false,,,"","",144216,false
"No More Lies",2,"Instant",UW,"mkm","221",uncommon,null,Not Owned,Non-foil,false,,,"","",121916,false
"Talisman of Progress",2,"Artifact",,"mrd","256",uncommon,null,Not Owned,Non-foil,false,,,"","",19677,false
"Aang, Swift Savior",3,"Legendary Creature - Human Avatar Ally",UW,"tla","204",rare,null,Not Owned,Non-foil,false,,,"","",144896,false
"Teferi, Time Raveler",3,"Legendary Planeswalker - Teferi",UW,"war","221",rare,null,Not Owned,Non-foil,false,,,"","",72048,false
"Shorikai, Genesis Engine",4,"Legendary Artifact - Vehicle",UW,"nec","4",mythic,null,Not Owned,Non-foil,false,,,"","",-1,false
"Fractured Identity",5,"Sorcery",UW,"c17","37",rare,null,Not Owned,Non-foil,false,,,"","",73846,false
"Teferi, Hero of Dominaria",5,"Legendary Planeswalker - Teferi",UW,"dom","207",mythic,null,Not Owned,Non-foil,false,,,"","",67879,false
"Baleful Strix",2,"Artifact Creature - Bird",BU,"brc","120",rare,null,Not Owned,Non-foil,false,,,"","",105362,false
"Basim Ibn Ishaq",2,"Legendary Creature - Human Assassin",BU,"acr","49",rare,null,Not Owned,Non-foil,false,,,"","",128064,false
"Psychic Frog",2,"Creature - Frog",BU,"mh3","433",rare,null,Not Owned,Non-foil,false,,,"","",125655,false
"Talisman of Dominance",2,"Artifact",,"mrd","253",uncommon,null,Not Owned,Non-foil,false,,,"","",19679,false
"Master of Death",3,"Creature - Zombie Wizard",BU,"mh2","205",rare,null,Not Owned,Non-foil,false,,,"","",90787,false
"Kaito, Bane of Nightmares",4,"Legendary Planeswalker - Kaito",BU,"dsk","220",mythic,null,Not Owned,Non-foil,false,,,"","",130571,false
"Fallen Shinobi",5,"Creature - Zombie Ninja",BU,"mh1","199",rare,null,Not Owned,Non-foil,false,,,"","",72770,false
"Bloodtithe Harvester",2,"Creature - Vampire",BR,"inr","427",uncommon,null,Not Owned,Non-foil,false,,,"","",135140,false
"Carnage Interpreter",3,"Creature - Devil Detective",BR,"clu","26",rare,null,Not Owned,Non-foil,false,,,"","",123360,false
"Fire Covenant",3,"Instant",BR,"me1","145",uncommon,null,Not Owned,Non-foil,false,,,"","",28029,false
"Kolaghan's Command",3,"Instant",BR,"dtk","224",rare,null,Not Owned,Non-foil,false,,,"","",56082,false
"Desecrex, Gift of Servitude",4,"Legendary Creature - Symbiote Villain",BR,"om1","133",rare,null,Not Owned,Non-foil,false,,,"","",144192,false
"Manamorphose",2,"Instant",RG,"shm","211",common,null,Not Owned,Non-foil,false,,,"","",29653,false
"Territorial Kavu",2,"Creature - Kavu",GR,"mh2","425",rare,null,Not Owned,Non-foil,false,,,"","",91123,false
"Wrenn and Six",2,"Legendary Planeswalker - Wrenn",GR,"mh1","217",mythic,null,Not Owned,Non-foil,false,,,"","",72806,false
"Minsc & Boo, Timeless Heroes",4,"Legendary Planeswalker - Minsc",GR,"clb","285",mythic,null,Not Owned,Non-foil,false,,,"","",100608,false
"Bloodbraid Challenger",5,"Creature - Elf Berserker",GR,"m3c","122",rare,null,Not Owned,Non-foil,false,,,"","",127443,false
"Arwen, Mortal Queen",3,"Legendary Creature - Elf Noble",GW,"ltr","193",mythic,null,Not Owned,Non-foil,false,,,"","",112296,false
"Knight of the Reliquary",3,"Creature - Human Knight",GW,"tsr","379",special,null,Not Owned,Non-foil,false,,,"","",87135,false
"Brightglass Gearhulk",4,"Artifact Creature - Construct",GW,"dft","191",mythic,null,Not Owned,Non-foil,false,,,"","",136505,false
"Torsten, Founder of Benalia",7,"Legendary Creature - Human Soldier",GW,"dmc","47",mythic,null,Not Owned,Non-foil,false,,,"","",103536,false
"Damn",2,"Sorcery",WB,"mh2","396",rare,null,Not Owned,Non-foil,false,,,"","",91065,false
"Tidehollow Sculler",2,"Artifact Creature - Zombie",BW,"tsr","388",special,null,Not Owned,Non-foil,false,,,"","",87153,false
"Lurrus of the Dream-Den",3,"Legendary Creature - Cat Nightmare",BW,"iko","226",rare,null,Not Owned,Non-foil,false,,,"","",80461,false
"Vindicate",3,"Sorcery",BW,"apc","126",rare,null,Not Owned,Non-foil,false,,,"","",16154,false
"Expressive Iteration",2,"Sorcery",RU,"brc","125",uncommon,null,Not Owned,Non-foil,false,,,"","",105372,false
"Talisman of Creativity",2,"Artifact",,"prm","91385",rare,null,Not Owned,Non-foil,false,,,"","",91385,false
"Dack Fayden",3,"Legendary Planeswalker - Dack",RU,"ema","199",mythic,null,Not Owned,Non-foil,false,,,"","",60731,false
"Flame of Anor",3,"Instant",RU,"ltr","203",rare,null,Not Owned,Non-foil,false,,,"","",112316,false
"Lutri, the Spellchaser",3,"Legendary Creature - Elemental Otter",RU,"iko","227",rare,null,Not Owned,Non-foil,false,,,"","",80463,false
"Pinnacle Emissary",3,"Artifact Creature - Robot",RU,"eoe","223",rare,null,Not Owned,Non-foil,false,,,"","",143059,false
"Saheeli, Sublime Artificer",3,"Legendary Planeswalker - Saheeli",RU,"war","234",uncommon,null,Not Owned,Non-foil,false,,,"","",72074,false
"Vivi Ornitier",3,"Legendary Creature - Wizard",RU,"fin","248",mythic,null,Not Owned,Non-foil,false,,,"","",141463,false
"Deathrite Shaman",1,"Creature - Elf Shaman",BG,"rvr","363",rare,null,Not Owned,Non-foil,false,,,"","",120303,false
"Tear Asunder",2,"Instant",GB,"dmu","183",uncommon,null,Not Owned,Non-foil,false,,,"","",102842,false
"Wight of the Reliquary",2,"Creature - Zombie Knight",BG,"mh3","207",rare,null,Not Owned,Non-foil,false,,,"","",126433,false
"Grist, the Hunger Tide",3,"Legendary Planeswalker - Grist",BG,"mh2","202",mythic,null,Not Owned,Non-foil,false,,,"","",90781,false
"Hogaak, Arisen Necropolis",7,"Legendary Creature - Avatar",BG,"mh1","202",rare,null,Not Owned,Non-foil,false,,,"","",72776,false
"Figure of Destiny",1,"Creature - Kithkin",RW,"eve","139",rare,null,Not Owned,Non-foil,false,,,"","",30238,false
"Forth Eorlingas!",2,"Sorcery",RW,"ltc","56",rare,null,Not Owned,Non-foil,false,,,"","",113144,false
"Talisman of Conviction",2,"Artifact",,"prm","91383",rare,null,Not Owned,Non-foil,false,,,"","",91383,false
"Phlage, Titan of Fire's Fury",3,"Legendary Creature - Elder Giant",RW,"mh3","197",mythic,null,Not Owned,Non-foil,false,,,"","",126413,false
"Zirda, the Dawnwaker",3,"Legendary Creature - Elemental Fox",RW,"iko","233",rare,null,Not Owned,Non-foil,false,,,"","",80475,false
"Otharri, Suns' Glory",5,"Legendary Creature - Phoenix",RW,"onc","3",mythic,null,Not Owned,Non-foil,false,,,"","",-1,false
"Talisman of Curiosity",2,"Artifact",,"prm","91387",rare,null,Not Owned,Non-foil,false,,,"","",91387,false
"Nadu, Winged Wisdom",3,"Legendary Creature - Bird Wizard",GU,"mh3","193",rare,null,Not Owned,Non-foil,false,,,"","",126403,false
"Oko, Thief of Crowns",3,"Legendary Planeswalker - Oko",GU,"eld","197",mythic,null,Not Owned,Non-foil,false,,,"","",78538,false
"Uro, Titan of Nature's Wrath",3,"Legendary Creature - Elder Giant",GU,"thb","229",mythic,null,Not Owned,Non-foil,false,,,"","",79582,false
"Tamiyo, Collector of Tales",4,"Legendary Planeswalker - Tamiyo",GU,"war","220",rare,null,Not Owned,Non-foil,false,,,"","",72046,false
"Thopter Foundry",2,"Artifact",BUW,"arb","133",uncommon,null,Not Owned,Non-foil,false,,,"","",32420,false
"Goben, Gene-Splice Savant",2,"Legendary Creature - Human Scientist Villain",UBR,"om1","30",mythic,null,Not Owned,Non-foil,false,,,"","",143978,false
"Relic of Sauron",4,"Artifact",,"ltc","79",rare,null,Not Owned,Non-foil,false,,,"","",113190,false
"Loot, the Pathfinder",5,"Legendary Creature - Beast Noble",GRU,"dft","212",mythic,null,Not Owned,Non-foil,false,,,"","",136547,false
"Leovold, Emissary of Trest",3,"Legendary Creature - Elf Advisor",BGU,"uma","202",mythic,null,Not Owned,Non-foil,false,,,"","",70037,false
"Omnath, Locus of Creation",4,"Legendary Creature - Elemental",GRUW,"znr","232",mythic,null,Not Owned,Non-foil,false,,,"","",83459,false
"Atraxa, Grand Unifier",7,"Legendary Creature - Phyrexian Angel",BGUW,"one","196",mythic,null,Not Owned,Non-foil,false,,,"","",106607,false
"Celestial Colonnade",0,"Land",,"wwk","133",rare,null,Not Owned,Non-foil,false,,,"","",35639,false
"Flooded Strand",0,"Land",WU,"ons","316",rare,Lands,Not Owned,Non-foil,false,,,"","",18245,false
"Hallowed Fountain",0,"Land - Plains Island",UW,"rvr","404",rare,Lands,Not Owned,Non-foil,false,,,"","",120385,false
"Meticulous Archive",0,"Land - Plains Island",UW,"mkm","264",rare,Lands,Not Owned,Non-foil,false,,,"","",122020,false
"Seachrome Coast",0,"Land",UW,"som","229",rare,Lands,Not Owned,Non-foil,false,,,"","",38289,false
"Tundra",0,"Land - Plains Island",UW,"leb","285",rare,Lands,Not Owned,Non-foil,false,,,"","",-1,false
"Creeping Tar Pit",0,"Land",,"wwk","134",rare,null,Not Owned,Non-foil,false,,,"","",35657,false
"Darkslick Shores",0,"Land",BU,"som","226",rare,Lands,Not Owned,Non-foil,false,,,"","",38291,false
"Polluted Delta",0,"Land",UB,"ons","321",rare,Lands,Not Owned,Non-foil,false,,,"","",18247,false
"Undercity Sewers",0,"Land - Island Swamp",BU,"mkm","270",rare,Lands,Not Owned,Non-foil,false,,,"","",122032,false
"Underground Sea",0,"Land - Island Swamp",BU,"leb","286",rare,Lands,Not Owned,Non-foil,false,,,"","",-1,false
"Watery Grave",0,"Land - Island Swamp",BU,"rvr","415",rare,Lands,Not Owned,Non-foil,false,,,"","",120407,false
"Badlands",0,"Land - Swamp Mountain",BR,"leb","278",rare,Lands,Not Owned,Non-foil,false,,,"","",-1,false
"Blackcleave Cliffs",0,"Land",BR,"som","224",rare,Lands,Not Owned,Non-foil,false,,,"","",38293,false
"Blazemire Verge",0,"Land",,"dsk","256",rare,null,Not Owned,Non-foil,false,,,"","",130643,false
"Blood Crypt",0,"Land - Swamp Mountain",BR,"rvr","397",rare,Lands,Not Owned,Non-foil,false,,,"","",120371,false
"Bloodstained Mire",0,"Land",BR,"ons","313",rare,Lands,Not Owned,Non-foil,false,,,"","",18249,false
"Raucous Theater",0,"Land - Swamp Mountain",BR,"mkm","266",rare,Lands,Not Owned,Non-foil,false,,,"","",122024,false
"Commercial District",0,"Land - Mountain Forest",GR,"mkm","259",rare,Lands,Not Owned,Non-foil,false,,,"","",122010,false
"Copperline Gorge",0,"Land",GR,"som","225",rare,Lands,Not Owned,Non-foil,false,,,"","",38301,false
"Stomping Ground",0,"Land - Mountain Forest",GR,"rvr","413",rare,Lands,Not Owned,Non-foil,false,,,"","",120403,false
"Taiga",0,"Land - Mountain Forest",GR,"leb","283",rare,Lands,Not Owned,Non-foil,false,,,"","",-1,false
"Thornspire Verge",0,"Land",,"dsk","270",rare,null,Not Owned,Non-foil,false,,,"","",130671,false
"Wooded Foothills",0,"Land",RG,"ons","330",rare,Lands,Not Owned,Non-foil,false,,,"","",18251,false
"Horizon Canopy",0,"Land",,"fut","177",rare,null,Not Owned,Non-foil,false,,,"","",26700,false
"Lush Portico",0,"Land - Forest Plains",GW,"mkm","263",rare,Lands,Not Owned,Non-foil,false,,,"","",122018,false
"Razorverge Thicket",0,"Land",GW,"som","228",rare,Lands,Not Owned,Non-foil,false,,,"","",38299,false
"Savannah",0,"Land - Forest Plains",GW,"leb","281",rare,Lands,Not Owned,Non-foil,false,,,"","",-1,false
"Temple Garden",0,"Land - Forest Plains",GW,"rvr","414",rare,Lands,Not Owned,Non-foil,false,,,"","",120405,false
"Windswept Heath",0,"Land",WG,"ons","328",rare,Lands,Not Owned,Non-foil,false,,,"","",18255,false
"Bleachbone Verge",0,"Land",,"dft","250",rare,null,Not Owned,Non-foil,false,,,"","",136623,false
"Concealed Courtyard",0,"Land",BW,"kld","245",rare,Lands,Not Owned,Non-foil,false,,,"","",61859,false
"Godless Shrine",0,"Land - Plains Swamp",BW,"rvr","401",rare,Lands,Not Owned,Non-foil,false,,,"","",120379,false
"Marsh Flats",0,"Land",WB,"mh2","437",rare,Lands,Not Owned,Non-foil,false,,,"","",91147,false
"Scrubland",0,"Land - Plains Swamp",BW,"leb","282",rare,Lands,Not Owned,Non-foil,false,,,"","",-1,false
"Shadowy Backstreet",0,"Land - Plains Swamp",BW,"mkm","268",rare,Lands,Not Owned,Non-foil,false,,,"","",122028,false
"Riverpyre Verge",0,"Land",,"dft","260",rare,null,Not Owned,Non-foil,false,,,"","",136643,false
"Scalding Tarn",0,"Land",UR,"mh2","439",rare,Lands,Not Owned,Non-foil,false,,,"","",91151,false
"Spirebluff Canal",0,"Land",RU,"kld","249",rare,Lands,Not Owned,Non-foil,false,,,"","",61851,false
"Steam Vents",0,"Land - Island Mountain",RU,"rvr","412",rare,Lands,Not Owned,Non-foil,false,,,"","",120401,false
"Thundering Falls",0,"Land - Island Mountain",RU,"mkm","269",rare,Lands,Not Owned,Non-foil,false,,,"","",122030,false
"Volcanic Island",0,"Land - Island Mountain",RU,"leb","287",rare,Lands,Not Owned,Non-foil,false,,,"","",-1,false
"Bayou",0,"Land - Swamp Forest",BG,"leb","279",rare,Lands,Not Owned,Non-foil,false,,,"","",-1,false
"Blooming Marsh",0,"Land",BG,"kld","243",rare,Lands,Not Owned,Non-foil,false,,,"","",61849,false
"Overgrown Tomb",0,"Land - Swamp Forest",BG,"rvr","407",rare,Lands,Not Owned,Non-foil,false,,,"","",120391,false
"Underground Mortuary",0,"Land - Swamp Forest",BG,"mkm","271",rare,Lands,Not Owned,Non-foil,false,,,"","",122034,false
"Verdant Catacombs",0,"Land",BG,"mh2","440",rare,Lands,Not Owned,Non-foil,false,,,"","",91153,false
"Wastewood Verge",0,"Land",,"dft","268",rare,null,Not Owned,Non-foil,false,,,"","",136659,false
"Arid Mesa",0,"Land",WR,"mh2","436",rare,Lands,Not Owned,Non-foil,false,,,"","",91145,false
"Elegant Parlor",0,"Land - Mountain Plains",,"mkm","260",rare,null,Not Owned,Non-foil,false,,,"","",122012,false
"Inspiring Vantage",0,"Land",RW,"kld","246",rare,Lands,Not Owned,Non-foil,false,,,"","",61855,false
"Plateau",0,"Land - Mountain Plains",RW,"leb","280",rare,Lands,Not Owned,Non-foil,false,,,"","",-1,false
"Sacred Foundry",0,"Land - Mountain Plains",RW,"rvr","409",rare,Lands,Not Owned,Non-foil,false,,,"","",120395,false
"Sunbaked Canyon",0,"Land",,"mh1","247",rare,null,Not Owned,Non-foil,false,,,"","",72866,false
"Botanical Sanctum",0,"Land",GU,"kld","244",rare,Lands,Not Owned,Non-foil,false,,,"","",61853,false
"Breeding Pool",0,"Land - Forest Island",GU,"rvr","399",rare,Lands,Not Owned,Non-foil,false,,,"","",120375,false
"Hedge Maze",0,"Land - Forest Island",GU,"mkm","262",rare,Lands,Not Owned,Non-foil,false,,,"","",122016,false
"Misty Rainforest",0,"Land",UG,"mh2","438",rare,Lands,Not Owned,Non-foil,false,,,"","",91149,false
"Tropical Island",0,"Land - Forest Island",GU,"leb","284",rare,Lands,Not Owned,Non-foil,false,,,"","",-1,false
"Waterlogged Grove",0,"Land",,"mh1","249",rare,null,Not Owned,Non-foil,false,,,"","",72870,false
"Spara's Headquarters",0,"Land - Forest Plains Island",GUW,"snc","257",rare,Lands,Not Owned,Non-foil,false,,,"","",98733,false
"Raffine's Tower",0,"Land - Plains Island Swamp",BUW,"snc","254",rare,Lands,Not Owned,Non-foil,false,,,"","",98727,false
"Xander's Lounge",0,"Land - Island Swamp Mountain",BRU,"snc","260",rare,Lands,Not Owned,Non-foil,false,,,"","",98739,false
"Twisted Landscape",0,"Land",,"mh3","232",common,null,Not Owned,Non-foil,false,,,"","",126483,false
"Ziatora's Proving Ground",0,"Land - Swamp Mountain Forest",BGR,"snc","261",rare,Lands,Not Owned,Non-foil,false,,,"","",98741,false
"Jetmir's Garden",0,"Land - Mountain Forest Plains",GRW,"snc","250",rare,Lands,Not Owned,Non-foil,false,,,"","",98719,false
"Sheltering Landscape",0,"Land",,"mh3","227",common,null,Not Owned,Non-foil,false,,,"","",126473,false
"Savai Triome",0,"Land - Mountain Plains Swamp",BRW,"iko","253",rare,Lands,Not Owned,Non-foil,false,,,"","",80515,false
"Bountiful Landscape",0,"Land",,"mh3","217",common,null,Not Owned,Non-foil,false,,,"","",126453,false
"Ketria Triome",0,"Land - Forest Island Mountain",GRU,"iko","250",rare,Lands,Not Owned,Non-foil,false,,,"","",80509,false
"Indatha Triome",0,"Land - Plains Swamp Forest",BGW,"iko","248",rare,Lands,Not Owned,Non-foil,false,,,"","",80505,false
"Raugrin Triome",0,"Land - Island Mountain Plains",RUW,"iko","251",rare,Lands,Not Owned,Non-foil,false,,,"","",80511,false
"Zagoth Triome",0,"Land - Swamp Forest Island",BGU,"iko","259",rare,Lands,Not Owned,Non-foil,false,,,"","",80527,false
"Ancient Tomb",0,"Land",,"tmp","315",uncommon,null,Not Owned,Non-foil,false,,,"","",10043,false
"Bazaar of Baghdad",0,"Land",,"me3","205",rare,null,Not Owned,Non-foil,false,,,"","",33470,false
"City of Traitors",0,"Land",,"exo","143",rare,null,Not Owned,Non-foil,false,,,"","",10685,false
"Dark Depths",0,"Legendary Snow Land",,"dmr","394",mythic,null,Not Owned,Non-foil,false,,,"","",107473,false
"Fabled Passage",0,"Land",,"eld","244",rare,null,Not Owned,Non-foil,false,,,"","",78634,false
"Gaea's Cradle",0,"Legendary Land",,"usg","321",rare,null,Not Owned,Non-foil,false,,,"","",11867,false
"Karakas",0,"Legendary Land",,"me3","208",rare,null,Not Owned,Non-foil,false,,,"","",33540,false
"Library of Alexandria",0,"Land",,"me4","245",rare,null,Not Owned,Non-foil,false,,,"","",38678,false
"Mana Confluence",0,"Land",,"jou","163",rare,null,Not Owned,Non-foil,false,,,"","",52120,false
"Mishra's Workshop",0,"Land",,"me4","247",rare,null,Not Owned,Non-foil,false,,,"","",38734,false
"Multiversal Passage",0,"Land",,"om1","181",rare,null,Not Owned,Non-foil,false,,,"","",144288,false
"Prismatic Vista",0,"Land",,"prm","91399",rare,null,Not Owned,Non-foil,false,,,"","",91399,false
"Starting Town",0,"Land - Town",,"fin","289",rare,null,Not Owned,Non-foil,false,,,"","",141555,false
"Strip Mine",0,"Land",,"me4","252",rare,null,Not Owned,Non-foil,false,,,"","",38754,false
"Talon Gates of Madara",0,"Land - Gate",,"m3c","134",rare,null,Not Owned,Non-foil,false,,,"","",127467,false
"Thespian's Stage",0,"Land",,"rvr","466",rare,null,Not Owned,Non-foil,false,,,"","",120179,false
"Tolarian Academy",0,"Legendary Land",,"usg","330",rare,null,Not Owned,Non-foil,false,,,"","",11931,false
"Urza's Saga",0,"Enchantment Land - Urza's Saga",,"mh2","259",rare,null,Not Owned,Non-foil,false,,,"","",90899,false
"Wasteland",0,"Land",,"tmp","330",uncommon,null,Not Owned,Non-foil,false,,,"","",10035,false
